{
  "version": 2,
  "name": "scanner-logger-pwa",
  "builds": [
    {
      "src": "index.html",
      "use": "@vercel/static"
    }
  ],
  "routes": [
    {
      "src": "/sw.js",
      "headers": {
        "Cache-Control": "public, max-age=0, must-revalidate",
        "Service-Worker-Allowed": "/"
      }
    },
    {
      "src": "/manifest.webmanifest",
      "headers": {
        "Content-Type": "application/manifest+json",
        "Cache-Control": "public, max-age=3600"
      }
    },
    {
      "src": "/assets/(.*)",
      "headers": {
        "Cache-Control": "public, max-age=31536000, immutable"
      }
    },
    {
      "src": "/(.*).js",
      "headers": {
        "Cache-Control": "public, max-age=31536000, immutable"
      }
    },
    {
      "src": "/(.*).css",
      "headers": {
        "Cache-Control": "public, max-age=31536000, immutable"
      }
    },
    {
      "src": "/(.*)",
      "dest": "/index.html"
    }
  ],
  "headers": [
    {
      "source": "/(.*)",
      "headers": [
        {
          "key": "X-Frame-Options",
          "value": "DENY"
        },
        {
          "key": "X-Content-Type-Options",
          "value": "nosniff"
        },
        {
          "key": "Referrer-Policy",
          "value": "strict-origin-when-cross-origin"
        }
      ]
    }
  ]
}

